model_family,data_version,n_neighbors,C,n_estimators,max_depth,train_accuracy,test_accuracy,precision,recall,f1_score
KNN,v1,5,,,,0.9414952240999265,0.9166360631656262,0.9174092603022151,0.9166360631656262,0.9168048079580466
KNN,v1,15,,,,1.0,0.9188395152405435,0.9197463499870547,0.9188395152405435,0.9190009890522511
RandomForest,v1,,,100,10,0.965191036002939,0.9206757253029747,0.9211369615797377,0.9206757253029747,0.9207418415168119
RandomForest,v1,,,300,None,1.0,0.9217774513404333,0.9218569944578685,0.9217774513404333,0.9217328834082517
SVM,v1,,1.0,,,0.9337803085966201,0.9221446933529196,0.9224256521079515,0.9221446933529196,0.9221767190269773
SVM,v1,,10.0,,,0.9396583394562822,0.9243481454278369,0.9243200439610855,0.9243481454278369,0.9242952775176317
KNN,v2,5,,,,0.9453572087871516,0.9117755629383536,0.9122682056431313,0.9117755629383536,0.9118697787618334
KNN,v2,15,,,,1.0,0.9169435215946844,0.9179358499678865,0.9169435215946844,0.9171045187046569
RandomForest,v2,,,100,10,0.9672327856747277,0.9195275009228497,0.9199972231832702,0.9195275009228497,0.9195644976601632
RandomForest,v2,,,300,None,1.0,0.9206349206349206,0.9205901057320347,0.9206349206349206,0.9205233783959593
SVM,v2,,1.0,,,0.9346501753738231,0.9246954595791805,0.9250219595179708,0.9246954595791805,0.9247515555428684
SVM,v2,,10.0,,,0.9414805242754292,0.9250645994832042,0.9253090358698536,0.9250645994832042,0.9250864030826106
